{"Version":2,"SourceFileDate":132467536414401778,"Flags":["FL_BITMAP_COMPRESSION","FL_BITMAP_MIPMAP","FL_BITMAP_QUALITY_HIGH","FL_BITMAP_PRECOMPUTED_INV_AVG"],"InvAvgColor":[20.068576812744141,22.276479721069336,23.64897346496582]}